"Employee id","Employee name","Dependent name"
206,"William Gietz","Penelope Gietz"
205,"Shelley Higgins","Nick Higgins"
200,"Jennifer Whalen","Ed Whalen"
100,"Steven King","Jennifer King"
101,"Neena Kochhar","Johnny Kochhar"
102,"Lex De Haan","Bette De Haan"
109,"Daniel Faviet","Grace Faviet"
110,"John Chen","Matthew Chen"
111,"Ismael Sciarra","Joe Sciarra"
112,"Jose Manuel Urman","Christian Urman"
113,"Luis Popp","Zero Popp"
108,"Nancy Greenberg","Karl Greenberg"
203,"Susan Mavris","Uma Mavris"
103,"Alexander Hunold","Vivien Hunold"
104,"Bruce Ernst","Cuba Ernst"
105,"David Austin","Fred Austin"
106,"Valli Pataballa","Helen Pataballa"
107,"Diana Lorentz","Dan Lorentz"
201,"Michael Hartstein","Bob Hartstein"
202,"Pat Fay","Lucille Fay"
204,"Hermann Baer","Kirsten Baer"
115,"Alexander Khoo","Elvis Khoo"
116,"Shelli Baida","Sandra Baida"
117,"Sigal Tobias","Cameron Tobias"
118,"Guy Himuro","Kevin Himuro"
119,"Karen Colmenares","Rip Colmenares"
114,"Den Raphaely","Julia Raphaely"
145,"John Russell","Woody Russell"
146,"Karen Partners","Alec Partners"
176,"Jonathon Taylor","Sandra Taylor"
