"Employee id","Employee name",Country
201,Michael,Canada
202,Pat,Canada
204,Hermann,Germany
203,Susan,"United Kingdom"
145,John,"United Kingdom"
146,Karen,"United Kingdom"
176,Jonathon,"United Kingdom"
177,Jack,"United Kingdom"
178,Kimberely,"United Kingdom"
179,Charles,"United Kingdom"
103,Alexander,"United States of America"
104,Bruce,"United States of America"
105,David,"United States of America"
106,Valli,"United States of America"
107,Diana,"United States of America"
120,Matthew,"United States of America"
121,Adam,"United States of America"
122,Payam,"United States of America"
123,Shanta,"United States of America"
126,Irene,"United States of America"
192,Sarah,"United States of America"
193,Britney,"United States of America"
200,Jennifer,"United States of America"
114,Den,"United States of America"
115,Alexander,"United States of America"
116,Shelli,"United States of America"
117,Sigal,"United States of America"
118,Guy,"United States of America"
119,Karen,"United States of America"
100,Steven,"United States of America"
101,Neena,"United States of America"
102,Lex,"United States of America"
108,Nancy,"United States of America"
109,Daniel,"United States of America"
110,John,"United States of America"
111,Ismael,"United States of America"
112,"Jose Manuel","United States of America"
113,Luis,"United States of America"
205,Shelley,"United States of America"
206,William,"United States of America"
